{
  "id": "sla-industries",
  "title": "SLA Industries 2nd Edition",
  "description": "A fully automated character sheet and combat system for SLA Industries 2nd Edition (S5S). Features include calculated derived stats, S5S dice rolling, species limits, and custom weapon/armor logic.",
  "version": "2025-11-27",
  "compatibility": {
    "minimum": "10",
    "verified": "12"
  },
  "esmodules": [
    "module/sla-industries.mjs"
  ],
  "styles": [
    "css/sla-industries.css"
  ],
  "languages": [
    {
      "lang": "en",
      "name": "English",
      "path": "lang/en.json"
    }
  ],
  "template": "template.json",
  
  "grid": {
    "distance": 1.5,
    "units": "m",
    "type": 1
  },
  
  "primaryTokenAttribute": "attributes.hp",
  "secondaryTokenAttribute": "attributes.flux",
  
  "url": "",
  "manifest": "",
  "download": ""
}